Handle,Title,Body (HTML),SEO Title,SEO Description,Image Src,Image Alt Text
k9-coffee-table,Pet Play Bondage Coffee Table,"<p>Transform your space with the K9 Bondage Coffee Table, a stunning blend of avant-garde design and captivating functionality. This meticulously crafted piece adds a touch of allure to any room, perfectly embodying bold aesthetics and exquisite craftsmanship. Ideal for those who appreciate daring decor and wish their furniture to reflect passion and strength, this table is the perfect centerpiece for your private gatherings and adventurous lifestyle.</p><p>Product ID: 8913</p>",K9 Bondage Coffee Table - Unique Design,"Elevate your space with the K9 Bondage Coffee Table, merging bold aesthetics with functional design for your intimate gatherings.",,
candlestick-kneeling-punishment-device,Kneeling Punishment Candlestick Stand,"<p>Elevate your power play with the Kneeling Punishment Candlestick Stand. This stylish accessory is crafted for precise control and deep submission, allowing you to kneel elegantly while immersing yourself in sensory pleasure. Its sleek design combines comfort and restraint, making every moment filled with anticipation and desire. Perfect for those who crave passion wrapped in elegance.</p>
<p>Product ID: 8904</p>",Kneeling Punishment Candlestick Stand,"Elevate your power play with this stylish kneeling punishment device, designed for control and deep submission.",,
trojans-2,Knotty Accessory Bondage Bench,"<p>Unleash your desires with the Knotty Trojans Bondage Bench, designed for both comfort and control. This striking piece enhances your intimate experiences, allowing you to explore your passions with confidence.</p><ul><li>Bold design for adventurous play.</li><li>Comfortable padding for extended sessions.</li><li>Adjustable restraints for secure positioning.</li><li>Sturdy construction for reliable support.</li><li>Perfect for enhancing sensory experiences.</li></ul>",Knotty Trojans Bondage Bench - Explore Your Desires,Elevate your play with the Knotty Trojans Bondage Bench. Perfect for adventurous exploration and comfort during your intimate sessions.,,
trojans-1,Accessory Restraint Stand,"<p>Elevate your playtime with Trojans, designed to ignite desire and enhance sensual exploration. Crafted for durability and comfort, these versatile tools add an exciting edge to your intimate moments, allowing you to confidently explore your deepest fantasies. Unlock new pleasures and embrace the thrill with Trojans.</p>",Trojans Restraint Stand for Sensual Play,"Elevate your intimate experiences with the Trojans Restraint Stand, designed for comfort and exploration.",,
multifunctional-body-chair,Ergonomic Bondage Body Chair,"<p>Experience the ultimate in pleasure and versatility with our Ergonomic Bondage Body Chair. Designed to support and enhance your most intimate moments, this chair adapts to various positions, ensuring comfort and stimulation. Crafted with strength and stability in mind, it invites you to explore your desires with confidence and style. Perfect for those seeking to elevate their sensory experiences, this chair transforms any space into your personal playground.</p>
<p>Item Number: 8871</p>",Ergonomic Bondage Body Chair for Ultimate Pleasure,"Explore new heights of pleasure with this ergonomic bondage chair, designed for comfort and versatility in your intimate adventures.",,
solid-wood-trojan,Solid Wood Accessory,"<p>Explore the allure of the Solid Wood Trojan, expertly crafted to elevate your intimate moments with strength and elegance. Its smooth, natural surface offers a luxurious feel, while the sturdy wood ensures a confident and secure play experience. Designed for durability and sensory delight, it merges raw power with refined design, awakening your deepest desires. Perfect for those seeking bold and unforgettable experiences.</p>
<p>Item Number: 8927</p>",Solid Wood Trojan for Sensual Bondage Play,"Experience the allure of the Solid Wood Trojan, crafted for strength and elegance in your intimate moments.",,
silicone-crystal-anal-plug,Crystal-Studded Silicone Anal Plug,"<p>Elevate your intimate moments with this crystal-studded silicone anal plug, designed for both comfort and allure. Its smooth, body-safe silicone ensures gentle, pleasurable wear, while the sparkling crystal base adds a touch of seductive elegance. Perfect for those seeking to explore sensations with style and confidence.</p>",Crystal-Studded Silicone Anal Plug | Knot Knot,"Discover pleasure with our crystal-studded silicone anal plug, designed for comfort and elegance. Perfect for stylish exploration.",,
trojans,Knot Play Accessory,"<p>Ignite your passion with Knot Play Trojans, expertly crafted to enhance your intimate experiences. These essential pieces provide reliable support while ensuring safety and style, perfect for those seeking both excitement and privacy.</p><ul><li>Designed for secure and pleasurable encounters.</li><li>Enhances intimacy while prioritizing safety.</li><li>Perfect for adventurous couples looking to explore.</li></ul>",Knot Play Trojans for Passionate Encounters,"Elevate your intimate moments with Knot Play Trojans, designed for safety and pleasure. Perfect for adventurous couples.",,
split-leg-restraint,Split Leg Restraint,"<p>体验极致的纵情释放，分腿束缚带专为提升您最私密的时刻而设计。它专为舒适性和控制性而设计，能安全地分开您的双腿，让您自由自在地活动，感受更强烈的快感。这款束缚带非常适合探索力量的动态，让您自信而时尚地沉浸于欲望之中。提升您的激情，探索更高层次的联结。</p>
<p>产品编号：8837</p>",Split Leg Restraint for Enhanced Bondage Play,"Experience ultimate pleasure with our Split Leg Restraint, designed for comfort and control during intimate moments.",,
triangle-trojan,Triangle Accessory,"<p>Experience bold sensuality with the Triangle Trojan, crafted to elevate your bondage fantasies. This striking piece combines daring design with exceptional comfort, allowing you to explore your desires with confidence and allure. Its stunning form transforms every intimate encounter into an exhilarating adventure. Embrace passion and let the Triangle Trojan capture your heart.</p>
<p>Product ID: 8868</p>",Triangle Trojan - Elevate Your Bondage Experience,"Explore your desires with the Triangle Trojan, designed for comfort and daring adventures in bondage play.",,
k9-coffee-table,,,,,https://cdn.shopify.com/s/files/1/0716/4844/4554/files/O1CN01UBiDZH20HRdkfEwvU__3923156824-0-cib.jpg?v=1755863487,K9 Bondage Coffee Table with glass top and bars
k9-coffee-table,,,,,https://cdn.shopify.com/s/files/1/0716/4844/4554/files/24_5eba07ae-5c67-4fb1-8eba-692ad1424e5c.jpg?v=1755863487,K9 Bondage Coffee Table side view
k9-coffee-table,,,,,https://cdn.shopify.com/s/files/1/0716/4844/4554/files/O1CN01377lDb20HRdfJXJDd__3923156824-0-cib.jpg?v=1755863487,K9 Bondage Coffee Table with interior view
k9-coffee-table,,,,,https://cdn.shopify.com/s/files/1/0716/4844/4554/files/O1CN01UocL8b20HRdmSEm5U__3923156824-0-cib.jpg?v=1755863487,K9 Bondage Coffee Table with wheels
k9-coffee-table,,,,,https://cdn.shopify.com/s/files/1/0716/4844/4554/files/O1CN01yWpcyV20HRdl0661k__3923156824-0-cib.jpg?v=1755863487,K9 Bondage Coffee Table top view
k9-coffee-table,,,,,https://cdn.shopify.com/s/files/1/0716/4844/4554/files/O1CN01ZxPIxX20HRdfJWyOy__3923156824-0-cib.jpg?v=1755863487,K9 Bondage Coffee Table with unique design
k9-coffee-table,,,,,https://cdn.shopify.com/s/files/1/0716/4844/4554/files/O1CN01uGpzMk20HRdhpYAfA__3923156824-0-cib.jpg?v=1755863487,K9 Bondage Coffee Table with bars and glass
k9-coffee-table,,,,,https://cdn.shopify.com/s/files/1/0716/4844/4554/files/003b5f20005ec0d93122d4e9fd65242.jpg?v=1755863487,K9 Bondage Coffee Table in stylish setting
candlestick-kneeling-punishment-device,,,,,https://cdn.shopify.com/s/files/1/0716/4844/4554/files/7_22588aff-6a21-4c5f-a471-5e47f26b3cbd.jpg?v=1755863361,Kneeling punishment device with candlestick holder
candlestick-kneeling-punishment-device,,,,,https://cdn.shopify.com/s/files/1/0716/4844/4554/files/O1CN01ZDJgjz20HRfGAgShd__3923156824-0-cib.jpg?v=1755863698,Kneeling punishment device side view
candlestick-kneeling-punishment-device,,,,,https://cdn.shopify.com/s/files/1/0716/4844/4554/files/4a7a9004c068615d2de5c30d0da635b5_cc09aa23-2620-4ed6-b738-65b6dfbdc11a.jpg?v=1755863698,Kneeling punishment device components
candlestick-kneeling-punishment-device,,,,,https://cdn.shopify.com/s/files/1/0716/4844/4554/files/2dfe463b8b6a0fe5a7e983509e5baea.jpg?v=1755863148,Kneeling punishment device in use
trojans-2,,,,,https://cdn.shopify.com/s/files/1/0716/4844/4554/files/10_39a63ca5-cfb4-435f-9f31-1dc861ba2c6e.jpg?v=1755855925,Knotty Trojans Bondage Bench in red
trojans-2,,,,,https://cdn.shopify.com/s/files/1/0716/4844/4554/files/O1CN01iRF5Vu20HRfDOgcIY__3923156824-0-cib.jpg?v=1755855925,Knotty Trojans Bondage Bench with restraints
trojans-2,,,,,https://cdn.shopify.com/s/files/1/0716/4844/4554/files/O1CN01FA9znr20HRlRYJAgA__3923156824-0-cib.jpg?v=1755855925,Knotty Trojans Bondage Bench side view
trojans-2,,,,,https://cdn.shopify.com/s/files/1/0716/4844/4554/files/9_29d46d82-3067-44d8-be7c-309273d9ac77.jpg?v=1755855925,Knotty Trojans Bondage Bench with model
trojans-2,,,,,https://cdn.shopify.com/s/files/1/0716/4844/4554/files/O1CN01XoAkwW20HRlII7dJT__3923156824-0-cib.jpg?v=1755855925,Knotty Trojans Bondage Bench close-up
trojans-2,,,,,https://cdn.shopify.com/s/files/1/0716/4844/4554/files/O1CN01VK1IH520HRlRYKmPc__3923156824-0-cib.jpg?v=1755855925,Knotty Trojans Bondage Bench with adjustable features
trojans-2,,,,,https://cdn.shopify.com/s/files/1/0716/4844/4554/files/12.jpg?v=1755855455,Knotty Trojans Bondage Bench in use
trojans-2,,,,,https://cdn.shopify.com/s/files/1/0716/4844/4554/files/13_3dc4cde7-0c67-4a86-8c27-412c402786c6.jpg?v=1755855454,Knotty Trojans Bondage Bench with restraints attached
trojans-2,,,,,https://cdn.shopify.com/s/files/1/0716/4844/4554/files/O1CN01rn8waz20HRlS2SnTp__3923156824-0-cib.jpg?v=1755855454,Knotty Trojans Bondage Bench in red color
trojans-2,,,,,https://cdn.shopify.com/s/files/1/0716/4844/4554/files/O1CN01JC3v9t20HRlR0KtLM__3923156824-0-cib.jpg?v=1755855454,Knotty Trojans Bondage Bench with model demonstration
trojans-2,,,,,https://cdn.shopify.com/s/files/1/0716/4844/4554/files/O1CN01zt84Iv20HRfELpyF7__3923156824-0-cib.jpg?v=1755855454,Knotty Trojans Bondage Bench detailed view
trojans-1,,,,,https://cdn.shopify.com/s/files/1/0716/4844/4554/files/O1CN010Avslt20HRfFMpSN4__3923156824-0-cib.jpg?v=1755840533,Trojans Restraint Stand for intimate exploration
trojans-1,,,,,https://cdn.shopify.com/s/files/1/0716/4844/4554/files/7e76543c3d37052d9eef9a111feb841.jpg?v=1755840533,Side view of Trojans Restraint Stand
trojans-1,,,,,https://cdn.shopify.com/s/files/1/0716/4844/4554/files/O1CN01ZCbAFx20HRf9vMj7r__3923156824-0-cib.jpg?v=1755840533,Close-up of Trojans Restraint Stand features
trojans-1,,,,,https://cdn.shopify.com/s/files/1/0716/4844/4554/files/O1CN01J0xMCi20HRf5KWh1P__3923156824-0-cib.jpg?v=1755840533,Trojans Restraint Stand in use
trojans-1,,,,,https://cdn.shopify.com/s/files/1/0716/4844/4554/files/O1CN01Xn0twk20HRf5KaFNB__3923156824-0-cib.jpg?v=1755840533,Trojans Restraint Stand with adjustable straps
trojans-1,,,,,https://cdn.shopify.com/s/files/1/0716/4844/4554/files/O1CN01t7Q3iH20HRfH82EhC__3923156824-0-cib.jpg?v=1755840533,Trojans Restraint Stand base
trojans-1,,,,,https://cdn.shopify.com/s/files/1/0716/4844/4554/files/O1CN015DTuE520HRfEJsf4c__3923156824-0-cib.jpg?v=1755840533,Trojans Restraint Stand with leather accents
trojans-1,,,,,https://cdn.shopify.com/s/files/1/0716/4844/4554/files/O1CN0193FF5Q20HRf5KYZOH__3923156824-0-cib.jpg?v=1755840533,Trojans Restraint Stand setup
trojans-1,,,,,https://cdn.shopify.com/s/files/1/0716/4844/4554/files/O1CN01w6jqso20HRfIyAkZV__3923156824-0-cib.jpg?v=1755840533,Trojans Restraint Stand with adjustable height
trojans-1,,,,,https://cdn.shopify.com/s/files/1/0716/4844/4554/files/O1CN01LL2ZMG20HRf5KYZMZ__3923156824-0-cib.jpg?v=1755840533,Trojans Restraint Stand in a playful setting
trojans-1,,,,,https://cdn.shopify.com/s/files/1/0716/4844/4554/files/O1CN01vAFbUF20HRfBWePxO__3923156824-0-cib.jpg?v=1755840533,Trojans Restraint Stand with padded support
trojans-1,,,,,https://cdn.shopify.com/s/files/1/0716/4844/4554/files/O1CN01w3UOUs20HRf5KY6Jj__3923156824-0-cib.jpg?v=1755840533,Trojans Restraint Stand for versatile play
trojans-1,,,,,https://cdn.shopify.com/s/files/1/0716/4844/4554/files/24.jpg?v=1755840534,Trojans Restraint Stand in action
trojans-1,,,,,https://cdn.shopify.com/s/files/1/0716/4844/4554/files/O1CN014j2Xlf20HRfEJtKXk__3923156824-0-cib.jpg?v=1755840533,Trojans Restraint Stand with secure straps
multifunctional-body-chair,,,,,https://cdn.shopify.com/s/files/1/0716/4844/4554/files/1_bec52e79-581d-4302-bc01-2a6a2a3b1463.jpg?v=1755840035,Ergonomic bondage body chair with adjustable restraints
multifunctional-body-chair,,,,,https://cdn.shopify.com/s/files/1/0716/4844/4554/files/O1CN01UwgVwG20HRc1yn3O6__3923156824-0-cib.jpg?v=1755840035,Side view of bondage chair with straps
multifunctional-body-chair,,,,,https://cdn.shopify.com/s/files/1/0716/4844/4554/files/O1CN01uwEVPz20HRc07pvRX__3923156824-0-cib.jpg?v=1755840035,Close-up of bondage chair seat and restraints
multifunctional-body-chair,,,,,https://cdn.shopify.com/s/files/1/0716/4844/4554/files/O1CN01AhppO720HRc7DbNTZ__3923156824-0-cib.jpg?v=1755840035,Bondage chair with adjustable backrest
multifunctional-body-chair,,,,,https://cdn.shopify.com/s/files/1/0716/4844/4554/files/3_35ebcb7e-af0e-4c5c-a63a-e01058a1282a.jpg?v=1755840035,Bondage chair with multiple attachment points
multifunctional-body-chair,,,,,https://cdn.shopify.com/s/files/1/0716/4844/4554/files/O1CN012Hry7q20HRc7DWsib__3923156824-0-cib.jpg?v=1755840035,Bondage chair on wheels for easy movement
multifunctional-body-chair,,,,,https://cdn.shopify.com/s/files/1/0716/4844/4554/files/O1CN01ewK2Ek20HRc42mD72__3923156824-0-cib.jpg?v=1755840035,Detailed view of bondage chair's frame
multifunctional-body-chair,,,,,https://cdn.shopify.com/s/files/1/0716/4844/4554/files/O1CN01rzofsW20HRc07qWyS__3923156824-0-cib.jpg?v=1755840035,Bondage chair with padded arm supports
multifunctional-body-chair,,,,,https://cdn.shopify.com/s/files/1/0716/4844/4554/files/O1CN01xjQBTK20HRc8lEUer__3923156824-0-cib.jpg?v=1755840035,Bondage chair with adjustable leg supports
multifunctional-body-chair,,,,,https://cdn.shopify.com/s/files/1/0716/4844/4554/files/O1CN01dU6C4X20HRnwP93l0__3923156824-0-cib.jpg?v=1755840035,Full view of bondage chair setup
solid-wood-trojan,,,,,https://cdn.shopify.com/s/files/1/0716/4844/4554/files/O1CN01xKhRBi20HRoPCUBQf__3923156824-0-cib.jpg?v=1755833292,Solid Wood Trojan bondage furniture
solid-wood-trojan,,,,,https://cdn.shopify.com/s/files/1/0716/4844/4554/files/O1CN01Os5pBP20HRoKpjlgO__3923156824-0-cib.jpg?v=1755833292,Side view of Solid Wood Trojan
solid-wood-trojan,,,,,https://cdn.shopify.com/s/files/1/0716/4844/4554/files/O1CN01JZAlLs20HRoQjP4sP__3923156824-0-cib.jpg?v=1755833292,Close-up of Solid Wood Trojan features
solid-wood-trojan,,,,,https://cdn.shopify.com/s/files/1/0716/4844/4554/files/O1CN01RsxhBc20HRoRxxUfV__3923156824-0-cib.jpg?v=1755833292,Solid Wood Trojan with straps
solid-wood-trojan,,,,,https://cdn.shopify.com/s/files/1/0716/4844/4554/files/O1CN01Zvt6ZA20HRoRiE1iC__3923156824-0-cib.jpg?v=1755833292,Solid Wood Trojan in a play setting
solid-wood-trojan,,,,,https://cdn.shopify.com/s/files/1/0716/4844/4554/files/O1CN01y52ooB20HRoSkLg2C__3923156824-0-cib.jpg?v=1755833292,Solid Wood Trojan from the back
solid-wood-trojan,,,,,https://cdn.shopify.com/s/files/1/0716/4844/4554/files/O1CN01gMdLz920HRoRI0MRT__3923156824-0-cib.jpg?v=1755833291,Detail of Solid Wood Trojan padding
solid-wood-trojan,,,,,https://cdn.shopify.com/s/files/1/0716/4844/4554/files/O1CN01yqudPL20HRoQjN8KE__3923156824-0-cib.jpg?v=1755833291,Solid Wood Trojan with adjustable straps
solid-wood-trojan,,,,,https://cdn.shopify.com/s/files/1/0716/4844/4554/files/O1CN01pkdetr20HRoQtv8wE__3923156824-0-cib.jpg?v=1755833291,Solid Wood Trojan in use
solid-wood-trojan,,,,,https://cdn.shopify.com/s/files/1/0716/4844/4554/files/O1CN0181x7Fq20HRoQx2tmC__3923156824-0-cib.jpg?v=1755833291,Solid Wood Trojan with padded arms
solid-wood-trojan,,,,,https://cdn.shopify.com/s/files/1/0716/4844/4554/files/O1CN01Lsr0QH20HRoRiGVVF__3923156824-0-cib.jpg?v=1755833292,Solid Wood Trojan side profile
silicone-crystal-anal-plug,,,,,https://cdn.shopify.com/s/files/1/0716/4844/4554/files/4_67d95f53-1023-4237-adaa-26a69ef41ef6.jpg?v=1755783637,Colorful silicone crystal anal plug
silicone-crystal-anal-plug,,,,,https://cdn.shopify.com/s/files/1/0716/4844/4554/files/9_df9b7cdf-bbb6-4a6f-bccc-cc16422272bf.jpg?v=1755783637,Silicone anal plug with crystal base
silicone-crystal-anal-plug,,,,,https://cdn.shopify.com/s/files/1/0716/4844/4554/files/0724473bb85fffc9322bc309807c3838.jpg?v=1755783637,Three sizes of silicone crystal anal plugs
silicone-crystal-anal-plug,,,,,https://cdn.shopify.com/s/files/1/0716/4844/4554/files/S.jpg?v=1755783637,Small silicone crystal anal plug
silicone-crystal-anal-plug,,,,,https://cdn.shopify.com/s/files/1/0716/4844/4554/files/M_a77788bb-1869-4e57-bc26-1b108bc1e087.jpg?v=1755783637,Medium silicone crystal anal plug
silicone-crystal-anal-plug,,,,,https://cdn.shopify.com/s/files/1/0716/4844/4554/files/L_d13291f5-8430-4943-9115-906332c8cc2f.jpg?v=1755783637,Large silicone crystal anal plug
silicone-crystal-anal-plug,,,,,https://cdn.shopify.com/s/files/1/0716/4844/4554/files/8_b5ff921d-b84d-46fa-b809-01f92566bfda.jpg?v=1755783246,Silicone crystal anal plugs in hand
trojans,,,,,https://cdn.shopify.com/s/files/1/0716/4844/4554/files/O1CN01D6Mkqa20HRfFh1Yri__3923156824-0-cib.jpg?v=1755768657,Knot Play Trojans bondage furniture
trojans,,,,,https://cdn.shopify.com/s/files/1/0716/4844/4554/files/b686842c4c6a7f338f96ea9044e4472.jpg?v=1755832907,Knot Play Trojans in use
trojans,,,,,https://cdn.shopify.com/s/files/1/0716/4844/4554/files/O1CN01AkGw5L20HRf7fiflr__3923156824-0-cib.jpg?v=1755832907,Close-up of Knot Play Trojans
trojans,,,,,https://cdn.shopify.com/s/files/1/0716/4844/4554/files/O1CN01qPwZwE20HRfHg6L9a__3923156824-0-cib.jpg?v=1755832907,Knot Play Trojans detail
trojans,,,,,https://cdn.shopify.com/s/files/1/0716/4844/4554/files/O1CN01bjVjIz20HRfFgWU5g__3923156824-0-cib.jpg?v=1755832907,Knot Play Trojans structure
trojans,,,,,https://cdn.shopify.com/s/files/1/0716/4844/4554/files/O1CN012Dc8uH20HRfFkjh0g__3923156824-0-cib.jpg?v=1755832907,Knot Play Trojans features
trojans,,,,,https://cdn.shopify.com/s/files/1/0716/4844/4554/files/O1CN01NLvwCo20HRfDMXoNX__3923156824-0-cib.jpg?v=1755832907,Knot Play Trojans assembly
trojans,,,,,https://cdn.shopify.com/s/files/1/0716/4844/4554/files/O1CN01Z9vfnp20HRfHg7spj__3923156824-0-cib.jpg?v=1755832907,Knot Play Trojans in action
trojans,,,,,https://cdn.shopify.com/s/files/1/0716/4844/4554/files/O1CN011L3bBn20HRfDro7IX__3923156824-0-cib.jpg?v=1755832907,Knot Play Trojans overview
trojans,,,,,https://cdn.shopify.com/s/files/1/0716/4844/4554/files/Measure.jpg?v=1755832907,Knot Play Trojans measurement
split-leg-restraint,,,,,https://cdn.shopify.com/s/files/1/0716/4844/4554/files/O1CN013UI4lQ20HRfDrlMKP__3923156824-0-cib.jpg?v=1755768396,Split Leg Restraint designed for bondage play
split-leg-restraint,,,,,https://cdn.shopify.com/s/files/1/0716/4844/4554/files/6a3665595772fb947f60c67f0319543_1a8327cb-20cf-492f-96bc-38f7abf84cc5.jpg?v=1755777758,Close-up of Split Leg Restraint in use
split-leg-restraint,,,,,https://cdn.shopify.com/s/files/1/0716/4844/4554/files/O1CN01OMz7G720HRfClBfbx__3923156824-0-cib.jpg?v=1755777758,Detailed view of Split Leg Restraint components
split-leg-restraint,,,,,https://cdn.shopify.com/s/files/1/0716/4844/4554/files/O1CN019lodr420HRf8AuLDh__3923156824-0-cib.jpg?v=1755777758,Split Leg Restraint showcasing its design
triangle-trojan,,,,,https://cdn.shopify.com/s/files/1/0716/4844/4554/files/6_b46cc373-4120-4612-aa18-627e7e20a6c8.jpg?v=1755768141,Triangle Trojan bondage furniture
triangle-trojan,,,,,https://cdn.shopify.com/s/files/1/0716/4844/4554/files/O1CN011dpvmX20HRoQRejQI__3923156824-0-cib.jpg?v=1755768141,Triangle Trojan with model demonstration
triangle-trojan,,,,,https://cdn.shopify.com/s/files/1/0716/4844/4554/files/5_168c0120-7deb-4305-9a5a-cb9f14b91b8b.jpg?v=1755768141,Close-up of Triangle Trojan design
triangle-trojan,,,,,https://cdn.shopify.com/s/files/1/0716/4844/4554/files/8_e7d14b47-257a-4871-95ea-9a1e096af46d.jpg?v=1755768141,Triangle Trojan side view
triangle-trojan,,,,,https://cdn.shopify.com/s/files/1/0716/4844/4554/files/7_493f8ee6-1abe-4077-9a44-5bb7a612c36b.jpg?v=1755768141,Triangle Trojan with restraints
triangle-trojan,,,,,https://cdn.shopify.com/s/files/1/0716/4844/4554/files/1_d505b546-d1a2-4099-a1c1-cee9d4f3b521.jpg?v=1755768140,Triangle Trojan padded surface
triangle-trojan,,,,,https://cdn.shopify.com/s/files/1/0716/4844/4554/files/2_b682a8f8-5ccd-41f6-8bf3-c21f07b7e1d5.jpg?v=1755768140,Triangle Trojan in use
triangle-trojan,,,,,https://cdn.shopify.com/s/files/1/0716/4844/4554/files/4a7a9004c068615d2de5c30d0da635b5_7082c151-f0c7-49f7-ae02-9039cb48e9f9.jpg?v=1755768141,Triangle Trojan detailed view
triangle-trojan,,,,,https://cdn.shopify.com/s/files/1/0716/4844/4554/files/O1CN01y7Sysb20HRoQBqWTe__3923156824-0-cib.jpg?v=1755768141,Triangle Trojan with accessories
